,Unnamed: 0,Wk,Day,Date,Time,Home,xG,Score,xG.1,Away,Attendance,Venue,Referee,Match Report,Notes
0,0,1.0,Fri,2022-08-05,20:00,Crystal Palace,1.2,0–2,1.0,Arsenal,25286.0,Selhurst Park,Anthony Taylor,Match Report,
1,1,1.0,Sat,2022-08-06,12:30,Fulham,1.2,2–2,1.2,Liverpool,22207.0,Craven Cottage,Andy Madley,Match Report,
2,2,1.0,Sat,2022-08-06,15:00,Tottenham,1.5,4–1,0.5,Southampton,61732.0,Tottenham Hotspur Stadium,Andre Marriner,Match Report,
3,3,1.0,Sat,2022-08-06,15:00,Newcastle Utd,1.7,2–0,0.3,Nott'ham Forest,52245.0,St James' Park,Simon Hooper,Match Report,
4,4,1.0,Sat,2022-08-06,15:00,Leeds United,0.8,2–1,1.3,Wolves,36347.0,Elland Road,Robert Jones,Match Report,
5,5,1.0,Sat,2022-08-06,15:00,Bournemouth,0.6,2–0,0.7,Aston Villa,11013.0,Vitality Stadium,Peter Bankes,Match Report,
6,6,1.0,Sat,2022-08-06,17:30,Everton,0.7,0–1,1.5,Chelsea,39254.0,Goodison Park,Craig Pawson,Match Report,
7,7,1.0,Sun,2022-08-07,14:00,Leicester City,0.6,2–2,0.8,Brentford,31794.0,King Power Stadium,Jarred Gillett,Match Report,
8,8,1.0,Sun,2022-08-07,14:00,Manchester Utd,1.4,1–2,1.5,Brighton,73711.0,Old Trafford,Paul Tierney,Match Report,
9,9,1.0,Sun,2022-08-07,16:30,West Ham,0.5,0–2,2.2,Manchester City,62443.0,London Stadium,Michael Oliver,Match Report,
11,11,2.0,Sat,2022-08-13,12:30,Aston Villa,2.3,2–1,1.6,Everton,41883.0,Villa Park,Michael Oliver,Match Report,
12,12,2.0,Sat,2022-08-13,15:00,Manchester City,1.7,4–0,0.1,Bournemouth,53453.0,Etihad Stadium,David Coote,Match Report,
13,13,2.0,Sat,2022-08-13,15:00,Southampton,1.2,2–2,1.8,Leeds United,30815.0,St. Mary's Stadium,Tony Harrington,Match Report,
14,14,2.0,Sat,2022-08-13,15:00,Wolves,0.9,0–0,1.5,Fulham,31178.0,Molineux Stadium,John Brooks,Match Report,
15,15,2.0,Sat,2022-08-13,15:00,Arsenal,2.7,4–2,0.5,Leicester City,60033.0,Emirates Stadium,Darren England,Match Report,
16,16,2.0,Sat,2022-08-13,15:00,Brighton,1.5,0–0,0.2,Newcastle Utd,31552.0,The American Express Community Stadium,Graham Scott,Match Report,
17,17,2.0,Sat,2022-08-13,17:30,Brentford,1.6,4–0,0.9,Manchester Utd,17051.0,Brentford Community Stadium,Stuart Attwell,Match Report,
18,18,2.0,Sun,2022-08-14,14:00,Nott'ham Forest,1.3,1–0,2.1,West Ham,29281.0,The City Ground,Robert Jones,Match Report,
19,19,2.0,Sun,2022-08-14,16:30,Chelsea,1.6,2–2,1.0,Tottenham,39946.0,Stamford Bridge,Anthony Taylor,Match Report,
20,20,2.0,Mon,2022-08-15,20:00,Liverpool,2.0,1–1,1.0,Crystal Palace,52970.0,Anfield,Paul Tierney,Match Report,
22,22,3.0,Sat,2022-08-20,12:30,Tottenham,1.7,1–0,0.7,Wolves,61298.0,Tottenham Hotspur Stadium,Simon Hooper,Match Report,
23,23,3.0,Sat,2022-08-20,15:00,Leicester City,0.3,1–2,0.9,Southampton,30850.0,King Power Stadium,Michael Salisbury,Match Report,
24,24,3.0,Sat,2022-08-20,15:00,Everton,1.5,1–1,1.0,Nott'ham Forest,39271.0,Goodison Park,Andre Marriner,Match Report,
25,25,3.0,Sat,2022-08-20,15:00,Crystal Palace,2.6,3–1,0.9,Aston Villa,22012.0,Selhurst Park,Andy Madley,Match Report,
26,26,3.0,Sat,2022-08-20,15:00,Fulham,2.4,3–2,1.8,Brentford,21798.0,Craven Cottage,Peter Bankes,Match Report,
27,27,3.0,Sat,2022-08-20,17:30,Bournemouth,0.3,0–3,1.3,Arsenal,10423.0,Vitality Stadium,Craig Pawson,Match Report,
28,28,3.0,Sun,2022-08-21,14:00,Leeds United,2.1,3–0,0.9,Chelsea,36372.0,Elland Road,Stuart Attwell,Match Report,
29,29,3.0,Sun,2022-08-21,14:00,West Ham,0.8,0–2,1.7,Brighton,62449.0,London Stadium,Anthony Taylor,Match Report,
30,30,3.0,Sun,2022-08-21,16:30,Newcastle Utd,1.8,3–3,2.1,Manchester City,52258.0,St James' Park,Jarred Gillett,Match Report,
31,31,3.0,Mon,2022-08-22,20:00,Manchester Utd,1.8,2–1,1.3,Liverpool,74147.0,Old Trafford,Michael Oliver,Match Report,
33,33,4.0,Sat,2022-08-27,12:30,Southampton,1.4,0–1,1.1,Manchester Utd,31196.0,St. Mary's Stadium,Andy Madley,Match Report,
34,34,4.0,Sat,2022-08-27,15:00,Manchester City,2.2,4–2,0.1,Crystal Palace,53112.0,Etihad Stadium,Darren England,Match Report,
35,35,4.0,Sat,2022-08-27,15:00,Brighton,2.0,1–0,1.8,Leeds United,30953.0,The American Express Community Stadium,Michael Salisbury,Match Report,
36,36,4.0,Sat,2022-08-27,15:00,Chelsea,1.8,2–1,2.5,Leicester City,39953.0,Stamford Bridge,Paul Tierney,Match Report,
37,37,4.0,Sat,2022-08-27,15:00,Brentford,2.1,1–1,1.1,Everton,17009.0,Brentford Community Stadium,John Brooks,Match Report,
38,38,4.0,Sat,2022-08-27,15:00,Liverpool,3.3,9–0,0.3,Bournemouth,53328.0,Anfield,Stuart Attwell,Match Report,
39,39,4.0,Sat,2022-08-27,17:30,Arsenal,2.6,2–1,0.8,Fulham,60164.0,Emirates Stadium,Jarred Gillett,Match Report,
40,40,4.0,Sun,2022-08-28,14:00,Wolves,0.7,1–1,1.7,Newcastle Utd,31311.0,Molineux Stadium,Peter Bankes,Match Report,
41,41,4.0,Sun,2022-08-28,14:00,Aston Villa,0.5,0–1,0.6,West Ham,41796.0,Villa Park,David Coote,Match Report,
42,42,4.0,Sun,2022-08-28,16:30,Nott'ham Forest,0.9,0–2,2.4,Tottenham,29296.0,The City Ground,Craig Pawson,Match Report,
44,44,5.0,Tue,2022-08-30,19:30,Fulham,0.7,2–1,1.4,Brighton,22224.0,Craven Cottage,Thomas Bramall,Match Report,
45,45,5.0,Tue,2022-08-30,19:30,Crystal Palace,1.0,1–1,1.4,Brentford,25043.0,Selhurst Park,Simon Hooper,Match Report,
46,46,5.0,Tue,2022-08-30,19:45,Southampton,1.1,2–1,1.1,Chelsea,31542.0,St. Mary's Stadium,Michael Oliver,Match Report,
47,47,5.0,Tue,2022-08-30,20:00,Leeds United,1.0,1–1,1.0,Everton,36338.0,Elland Road,Darren England,Match Report,
48,48,5.0,Wed,2022-08-31,19:30,Bournemouth,0.4,0–0,1.5,Wolves,10113.0,Vitality Stadium,Anthony Taylor,Match Report,
49,49,5.0,Wed,2022-08-31,19:30,Manchester City,3.3,6–0,0.7,Nott'ham Forest,53409.0,Etihad Stadium,Paul Tierney,Match Report,
50,50,5.0,Wed,2022-08-31,19:30,Arsenal,2.4,2–1,0.4,Aston Villa,60012.0,Emirates Stadium,Robert Jones,Match Report,
51,51,5.0,Wed,2022-08-31,19:45,West Ham,1.2,1–1,0.6,Tottenham,62450.0,London Stadium,Peter Bankes,Match Report,
52,52,5.0,Wed,2022-08-31,20:00,Liverpool,1.5,2–1,0.7,Newcastle Utd,53316.0,Anfield,Andre Marriner,Match Report,
53,53,5.0,Thu,2022-09-01,20:00,Leicester City,0.7,0–1,1.5,Manchester Utd,32226.0,King Power Stadium,Craig Pawson,Match Report,
55,55,6.0,Sat,2022-09-03,12:30,Everton,1.7,0–0,2.1,Liverpool,39240.0,Goodison Park,Anthony Taylor,Match Report,
56,56,6.0,Sat,2022-09-03,15:00,Nott'ham Forest,1.9,2–3,0.8,Bournemouth,28720.0,The City Ground,Michael Oliver,Match Report,
57,57,6.0,Sat,2022-09-03,15:00,Wolves,0.8,1–0,1.2,Southampton,30546.0,Molineux Stadium,John Brooks,Match Report,
58,58,6.0,Sat,2022-09-03,15:00,Newcastle Utd,2.8,0–0,1.0,Crystal Palace,51863.0,St James' Park,Michael Salisbury,Match Report,
59,59,6.0,Sat,2022-09-03,15:00,Brentford,2.3,5–2,1.7,Leeds United,17092.0,Brentford Community Stadium,Robert Jones,Match Report,
60,60,6.0,Sat,2022-09-03,15:00,Tottenham,2.9,2–1,0.7,Fulham,61641.0,Tottenham Hotspur Stadium,Stuart Attwell,Match Report,
61,61,6.0,Sat,2022-09-03,15:00,Chelsea,0.9,2–1,1.1,West Ham,39923.0,Stamford Bridge,Andy Madley,Match Report,
62,62,6.0,Sat,2022-09-03,17:30,Aston Villa,0.3,1–1,2.1,Manchester City,41830.0,Villa Park,Simon Hooper,Match Report,
63,63,6.0,Sun,2022-09-04,14:00,Brighton,2.6,5–2,1.4,Leicester City,31185.0,The American Express Community Stadium,Tony Harrington,Match Report,
64,64,6.0,Sun,2022-09-04,16:30,Manchester Utd,1.5,3–1,1.3,Arsenal,73431.0,Old Trafford,Paul Tierney,Match Report,
66,66,8.0,Fri,2022-09-16,20:00,Aston Villa,1.5,1–0,0.3,Southampton,40758.0,Villa Park,Tony Harrington,Match Report,
67,67,8.0,Fri,2022-09-16,20:00,Nott'ham Forest,1.4,2–3,0.9,Fulham,28654.0,The City Ground,Jarred Gillett,Match Report,
68,68,8.0,Sat,2022-09-17,12:30,Wolves,0.4,0–3,1.1,Manchester City,31578.0,Molineux Stadium,Anthony Taylor,Match Report,
69,69,8.0,Sat,2022-09-17,15:00,Newcastle Utd,1.9,1–1,0.7,Bournemouth,52238.0,St James' Park,Craig Pawson,Match Report,
70,70,8.0,Sat,2022-09-17,17:30,Tottenham,2.2,6–2,1.8,Leicester City,61450.0,Tottenham Hotspur Stadium,Simon Hooper,Match Report,
71,71,8.0,Sun,2022-09-18,12:00,Brentford,0.5,0–3,1.5,Arsenal,17122.0,Brentford Community Stadium,David Coote,Match Report,
72,72,8.0,Sun,2022-09-18,14:15,Everton,0.4,1–0,1.0,West Ham,39298.0,Goodison Park,Michael Oliver,Match Report,
74,74,9.0,Sat,2022-10-01,12:30,Arsenal,2.4,3–1,1.6,Tottenham,60278.0,Emirates Stadium,Anthony Taylor,Match Report,
75,75,9.0,Sat,2022-10-01,15:00,Southampton,1.7,1–2,2.0,Everton,30510.0,St. Mary's Stadium,Andre Marriner,Match Report,
76,76,9.0,Sat,2022-10-01,15:00,Crystal Palace,0.4,1–2,1.1,Chelsea,25198.0,Selhurst Park,Chris Kavanagh,Match Report,
77,77,9.0,Sat,2022-10-01,15:00,Liverpool,1.5,3–3,1.4,Brighton,53320.0,Anfield,Andy Madley,Match Report,
78,78,9.0,Sat,2022-10-01,15:00,Fulham,0.5,1–4,3.3,Newcastle Utd,22913.0,Craven Cottage,Darren England,Match Report,
79,79,9.0,Sat,2022-10-01,15:00,Bournemouth,0.4,0–0,0.9,Brentford,10126.0,Vitality Stadium,Thomas Bramall,Match Report,
80,80,9.0,Sat,2022-10-01,17:30,West Ham,0.9,2–0,0.7,Wolves,62444.0,London Stadium,Paul Tierney,Match Report,
81,81,9.0,Sun,2022-10-02,14:00,Manchester City,3.2,6–3,1.7,Manchester Utd,53475.0,Etihad Stadium,Michael Oliver,Match Report,
82,82,9.0,Sun,2022-10-02,16:30,Leeds United,0.4,0–0,2.2,Aston Villa,36582.0,Elland Road,Stuart Attwell,Match Report,
83,83,9.0,Mon,2022-10-03,20:00,Leicester City,1.3,4–0,1.1,Nott'ham Forest,32202.0,King Power Stadium,Robert Jones,Match Report,
85,85,10.0,Sat,2022-10-08,15:00,Bournemouth,1.1,2–1,1.0,Leicester City,10272.0,Vitality Stadium,Michael Salisbury,Match Report,
86,86,10.0,Sat,2022-10-08,15:00,Newcastle Utd,1.5,5–1,1.2,Brentford,52067.0,St James' Park,John Brooks,Match Report,
87,87,10.0,Sat,2022-10-08,15:00,Manchester City,2.4,4–0,0.2,Southampton,53365.0,Etihad Stadium,Andy Madley,Match Report,
88,88,10.0,Sat,2022-10-08,15:00,Chelsea,1.9,3–0,1.1,Wolves,39940.0,Stamford Bridge,Simon Hooper,Match Report,
89,89,10.0,Sat,2022-10-08,17:30,Brighton,0.7,0–1,0.8,Tottenham,31498.0,The American Express Community Stadium,Tony Harrington,Match Report,
90,90,10.0,Sun,2022-10-09,14:00,West Ham,2.4,3–1,0.7,Fulham,62407.0,London Stadium,Chris Kavanagh,Match Report,
91,91,10.0,Sun,2022-10-09,14:00,Crystal Palace,1.1,2–1,1.0,Leeds United,25042.0,Selhurst Park,Paul Tierney,Match Report,
92,92,10.0,Sun,2022-10-09,16:30,Arsenal,2.7,3–2,1.1,Liverpool,60059.0,Emirates Stadium,Michael Oliver,Match Report,
93,93,10.0,Sun,2022-10-09,19:00,Everton,0.6,1–2,1.4,Manchester Utd,39258.0,Goodison Park,David Coote,Match Report,
94,94,10.0,Mon,2022-10-10,20:00,Nott'ham Forest,0.3,1–1,0.7,Aston Villa,29208.0,The City Ground,Anthony Taylor,Match Report,
96,96,11.0,Fri,2022-10-14,20:00,Brentford,1.5,2–0,1.9,Brighton,17016.0,Brentford Community Stadium,Michael Salisbury,Match Report,
97,97,11.0,Sat,2022-10-15,12:30,Leicester City,1.0,0–0,0.4,Crystal Palace,31298.0,King Power Stadium,Andy Madley,Match Report,
98,98,11.0,Sat,2022-10-15,15:00,Fulham,2.1,2–2,1.0,Bournemouth,22541.0,Craven Cottage,Graham Scott,Match Report,
99,99,11.0,Sat,2022-10-15,15:00,Wolves,1.3,1–0,1.5,Nott'ham Forest,31554.0,Molineux Stadium,Thomas Bramall,Match Report,
100,100,11.0,Sat,2022-10-15,17:30,Tottenham,2.2,2–0,0.4,Everton,61812.0,Tottenham Hotspur Stadium,Paul Tierney,Match Report,
101,101,11.0,Sun,2022-10-16,14:00,Southampton,0.5,1–1,1.7,West Ham,29159.0,St. Mary's Stadium,Peter Bankes,Match Report,
102,102,11.0,Sun,2022-10-16,14:00,Aston Villa,1.8,0–2,0.9,Chelsea,41754.0,Villa Park,Robert Jones,Match Report,
103,103,11.0,Sun,2022-10-16,14:00,Leeds United,1.8,0–1,0.5,Arsenal,36700.0,Elland Road,Chris Kavanagh,Match Report,
104,104,11.0,Sun,2022-10-16,14:00,Manchester Utd,0.8,0–0,0.8,Newcastle Utd,73726.0,Old Trafford,Craig Pawson,Match Report,
105,105,11.0,Sun,2022-10-16,16:30,Liverpool,2.1,1–0,1.0,Manchester City,53286.0,Anfield,Anthony Taylor,Match Report,
107,107,12.0,Tue,2022-10-18,19:30,Brighton,1.7,0–0,0.1,Nott'ham Forest,31463.0,The American Express Community Stadium,Darren England,Match Report,
108,108,12.0,Tue,2022-10-18,20:15,Crystal Palace,1.2,2–1,0.8,Wolves,25125.0,Selhurst Park,David Coote,Match Report,
109,109,12.0,Wed,2022-10-19,19:30,Bournemouth,1.0,0–1,1.0,Southampton,10405.0,Vitality Stadium,John Brooks,Match Report,
110,110,12.0,Wed,2022-10-19,19:30,Brentford,1.3,0–0,0.9,Chelsea,17118.0,Brentford Community Stadium,Jarred Gillett,Match Report,
111,111,12.0,Wed,2022-10-19,19:30,Liverpool,1.7,1–0,1.7,West Ham,52982.0,Anfield,Stuart Attwell,Match Report,
112,112,12.0,Wed,2022-10-19,19:30,Newcastle Utd,1.5,1–0,0.2,Everton,52247.0,St James' Park,Tony Harrington,Match Report,
113,113,12.0,Wed,2022-10-19,20:15,Manchester Utd,1.5,2–0,0.6,Tottenham,73677.0,Old Trafford,Simon Hooper,Match Report,
114,114,12.0,Thu,2022-10-20,19:30,Fulham,2.1,3–0,1.2,Aston Villa,23508.0,Craven Cottage,Michael Oliver,Match Report,
115,115,12.0,Thu,2022-10-20,20:15,Leicester City,0.8,2–0,1.3,Leeds United,30814.0,King Power Stadium,Peter Bankes,Match Report,
117,117,13.0,Sat,2022-10-22,12:30,Nott'ham Forest,1.9,1–0,1.6,Liverpool,29245.0,The City Ground,Paul Tierney,Match Report,
118,118,13.0,Sat,2022-10-22,15:00,Everton,1.4,3–0,0.9,Crystal Palace,38939.0,Goodison Park,Simon Hooper,Match Report,
119,119,13.0,Sat,2022-10-22,15:00,Manchester City,1.6,3–1,0.5,Brighton,53223.0,Etihad Stadium,Craig Pawson,Match Report,
120,120,13.0,Sat,2022-10-22,17:30,Chelsea,1.1,1–1,0.8,Manchester Utd,39503.0,Stamford Bridge,Stuart Attwell,Match Report,
121,121,13.0,Sun,2022-10-23,14:00,Aston Villa,2.8,4–0,0.9,Brentford,41693.0,Villa Park,Darren England,Match Report,
122,122,13.0,Sun,2022-10-23,14:00,Wolves,2.1,0–4,0.9,Leicester City,31425.0,Molineux Stadium,Michael Oliver,Match Report,
123,123,13.0,Sun,2022-10-23,14:00,Leeds United,1.6,2–3,1.8,Fulham,36447.0,Elland Road,Anthony Taylor,Match Report,
124,124,13.0,Sun,2022-10-23,14:00,Southampton,0.7,1–1,1.0,Arsenal,31145.0,St. Mary's Stadium,Robert Jones,Match Report,
125,125,13.0,Sun,2022-10-23,16:30,Tottenham,1.6,1–2,1.2,Newcastle Utd,61726.0,Tottenham Hotspur Stadium,Jarred Gillett,Match Report,
126,126,13.0,Mon,2022-10-24,20:00,West Ham,1.9,2–0,0.4,Bournemouth,62447.0,London Stadium,David Coote,Match Report,
128,128,14.0,Sat,2022-10-29,12:30,Leicester City,0.7,0–1,1.0,Manchester City,32223.0,King Power Stadium,Robert Jones,Match Report,
129,129,14.0,Sat,2022-10-29,15:00,Brentford,1.4,1–1,0.6,Wolves,17051.0,Brentford Community Stadium,Robert Madley,Match Report,
130,130,14.0,Sat,2022-10-29,15:00,Crystal Palace,0.9,1–0,1.3,Southampton,25130.0,Selhurst Park,Michael Salisbury,Match Report,
131,131,14.0,Sat,2022-10-29,15:00,Newcastle Utd,3.4,4–0,0.4,Aston Villa,52233.0,St James' Park,Paul Tierney,Match Report,
132,132,14.0,Sat,2022-10-29,15:00,Brighton,2.4,4–1,1.4,Chelsea,31746.0,The American Express Community Stadium,Andy Madley,Match Report,
133,133,14.0,Sat,2022-10-29,15:00,Bournemouth,0.5,2–3,2.0,Tottenham,10430.0,Vitality Stadium,Anthony Taylor,Match Report,
134,134,14.0,Sat,2022-10-29,17:30,Fulham,1.9,0–0,0.9,Everton,23534.0,Craven Cottage,John Brooks,Match Report,
135,135,14.0,Sat,2022-10-29,19:45,Liverpool,1.7,1–2,1.8,Leeds United,53274.0,Anfield,Michael Oliver,Match Report,
136,136,14.0,Sun,2022-10-30,14:00,Arsenal,2.3,5–0,0.4,Nott'ham Forest,60263.0,Emirates Stadium,Simon Hooper,Match Report,
137,137,14.0,Sun,2022-10-30,16:15,Manchester Utd,1.2,1–0,1.1,West Ham,73682.0,Old Trafford,Chris Kavanagh,Match Report,
139,139,15.0,Sat,2022-11-05,15:00,Nott'ham Forest,1.5,2–2,1.5,Brentford,28869.0,The City Ground,Andre Marriner,Match Report,
140,140,15.0,Sat,2022-11-05,15:00,Leeds United,2.2,4–3,1.5,Bournemouth,36304.0,Elland Road,Tony Harrington,Match Report,
141,141,15.0,Sat,2022-11-05,15:00,Manchester City,2.1,2–1,1.0,Fulham,52395.0,Etihad Stadium,Darren England,Match Report,
142,142,15.0,Sat,2022-11-05,15:00,Wolves,1.2,2–3,1.5,Brighton,30732.0,Molineux Stadium,Graham Scott,Match Report,
143,143,15.0,Sat,2022-11-05,17:30,Everton,1.2,0–2,2.3,Leicester City,39206.0,Goodison Park,David Coote,Match Report,
144,144,15.0,Sun,2022-11-06,12:00,Chelsea,0.3,0–1,2.1,Arsenal,40142.0,Stamford Bridge,Michael Oliver,Match Report,
145,145,15.0,Sun,2022-11-06,14:00,West Ham,0.3,1–2,1.0,Crystal Palace,62451.0,London Stadium,Paul Tierney,Match Report,
146,146,15.0,Sun,2022-11-06,14:00,Southampton,1.7,1–4,0.9,Newcastle Utd,30402.0,St. Mary's Stadium,Stuart Attwell,Match Report,
147,147,15.0,Sun,2022-11-06,14:00,Aston Villa,0.6,3–1,0.5,Manchester Utd,42058.0,Villa Park,Anthony Taylor,Match Report,
148,148,15.0,Sun,2022-11-06,16:30,Tottenham,1.2,1–2,1.2,Liverpool,62008.0,Tottenham Hotspur Stadium,Andy Madley,Match Report,
150,150,16.0,Sat,2022-11-12,12:30,Manchester City,1.6,1–2,1.3,Brentford,52786.0,Etihad Stadium,Peter Bankes,Match Report,
151,151,16.0,Sat,2022-11-12,15:00,Tottenham,1.8,4–3,1.1,Leeds United,61667.0,Tottenham Hotspur Stadium,Michael Salisbury,Match Report,
152,152,16.0,Sat,2022-11-12,15:00,Liverpool,1.9,3–1,1.1,Southampton,53331.0,Anfield,Simon Hooper,Match Report,
153,153,16.0,Sat,2022-11-12,15:00,Bournemouth,2.4,3–0,0.8,Everton,10382.0,Vitality Stadium,Craig Pawson,Match Report,
154,154,16.0,Sat,2022-11-12,15:00,West Ham,1.4,0–2,1.8,Leicester City,62459.0,London Stadium,Jarred Gillett,Match Report,
155,155,16.0,Sat,2022-11-12,15:00,Nott'ham Forest,1.1,1–0,1.2,Crystal Palace,29045.0,The City Ground,John Brooks,Match Report,
156,156,16.0,Sat,2022-11-12,17:30,Newcastle Utd,1.0,1–0,0.3,Chelsea,52264.0,St James' Park,Robert Jones,Match Report,
157,157,16.0,Sat,2022-11-12,19:45,Wolves,0.7,0–2,2.1,Arsenal,34624.0,Molineux Stadium,Stuart Attwell,Match Report,
158,158,16.0,Sun,2022-11-13,14:00,Brighton,0.6,1–2,1.5,Aston Villa,31581.0,The American Express Community Stadium,Chris Kavanagh,Match Report,
159,159,16.0,Sun,2022-11-13,16:30,Fulham,1.4,1–2,2.5,Manchester Utd,24246.0,Craven Cottage,Paul Tierney,Match Report,
161,161,17.0,Mon,2022-12-26,12:30,Brentford,2.0,2–2,1.1,Tottenham,17137.0,Brentford Community Stadium,David Coote,Match Report,
162,162,17.0,Mon,2022-12-26,15:00,Southampton,1.9,1–3,0.6,Brighton,31010.0,St. Mary's Stadium,Robert Jones,Match Report,
163,163,17.0,Mon,2022-12-26,15:00,Leicester City,0.5,0–3,1.9,Newcastle Utd,32185.0,King Power Stadium,Jarred Gillett,Match Report,
164,164,17.0,Mon,2022-12-26,15:00,Crystal Palace,0.4,0–3,2.5,Fulham,25176.0,Selhurst Park,Andy Madley,Match Report,
165,165,17.0,Mon,2022-12-26,15:00,Everton,1.7,1–2,0.8,Wolves,39252.0,Goodison Park,Craig Pawson,Match Report,
166,166,17.0,Mon,2022-12-26,17:30,Aston Villa,1.4,1–3,2.7,Liverpool,42085.0,Villa Park,Paul Tierney,Match Report,
167,167,17.0,Mon,2022-12-26,20:00,Arsenal,2.1,3–1,1.0,West Ham,60125.0,Emirates Stadium,Michael Oliver,Match Report,
168,168,17.0,Tue,2022-12-27,17:30,Chelsea,1.8,2–0,0.5,Bournemouth,40046.0,Stamford Bridge,Simon Hooper,Match Report,
169,169,17.0,Tue,2022-12-27,20:00,Manchester Utd,2.4,3–0,0.7,Nott'ham Forest,73608.0,Old Trafford,Anthony Taylor,Match Report,
170,170,17.0,Wed,2022-12-28,20:00,Leeds United,0.6,1–3,4.3,Manchester City,36889.0,Elland Road,Stuart Attwell,Match Report,
172,172,18.0,Fri,2022-12-30,19:45,West Ham,1.3,0–2,1.6,Brentford,62467.0,London Stadium,Darren England,Match Report,
173,173,18.0,Fri,2022-12-30,20:00,Liverpool,2.2,2–1,1.0,Leicester City,53343.0,Anfield,Craig Pawson,Match Report,
174,174,18.0,Sat,2022-12-31,12:30,Wolves,0.7,0–1,2.0,Manchester Utd,31658.0,Molineux Stadium,Robert Jones,Match Report,
175,175,18.0,Sat,2022-12-31,15:00,Newcastle Utd,2.2,0–0,0.4,Leeds United,52211.0,St James' Park,Simon Hooper,Match Report,
176,176,18.0,Sat,2022-12-31,15:00,Fulham,1.5,2–1,0.8,Southampton,24344.0,Craven Cottage,Graham Scott,Match Report,
177,177,18.0,Sat,2022-12-31,15:00,Manchester City,1.7,1–1,0.1,Everton,53444.0,Etihad Stadium,Andy Madley,Match Report,
178,178,18.0,Sat,2022-12-31,15:00,Bournemouth,0.6,0–2,1.6,Crystal Palace,9972.0,Vitality Stadium,Andre Marriner,Match Report,
179,179,18.0,Sat,2022-12-31,17:30,Brighton,1.2,2–4,2.9,Arsenal,31647.0,The American Express Community Stadium,Anthony Taylor,Match Report,
180,180,18.0,Sun,2023-01-01,14:00,Tottenham,0.7,0–2,1.0,Aston Villa,61651.0,Tottenham Hotspur Stadium,John Brooks,Match Report,
181,181,18.0,Sun,2023-01-01,16:30,Nott'ham Forest,1.4,1–1,0.9,Chelsea,29229.0,The City Ground,Peter Bankes,Match Report,
183,183,19.0,Mon,2023-01-02,17:30,Brentford,1.7,3–1,2.0,Liverpool,17163.0,Brentford Community Stadium,Stuart Attwell,Match Report,
184,184,19.0,Tue,2023-01-03,19:45,Leicester City,1.7,0–1,1.7,Fulham,30813.0,King Power Stadium,Darren Bond,Match Report,
185,185,19.0,Tue,2023-01-03,19:45,Everton,1.3,1–4,2.2,Brighton,39103.0,Goodison Park,Andre Marriner,Match Report,
186,186,19.0,Tue,2023-01-03,19:45,Arsenal,1.1,0–0,1.0,Newcastle Utd,60319.0,Emirates Stadium,Andy Madley,Match Report,
187,187,19.0,Tue,2023-01-03,20:00,Manchester Utd,2.2,3–0,0.6,Bournemouth,73322.0,Old Trafford,Michael Salisbury,Match Report,
188,188,19.0,Wed,2023-01-04,19:30,Southampton,0.5,0–1,1.4,Nott'ham Forest,30150.0,St. Mary's Stadium,Thomas Bramall,Match Report,
189,189,19.0,Wed,2023-01-04,19:45,Leeds United,1.6,2–2,1.4,West Ham,36173.0,Elland Road,David Coote,Match Report,
190,190,19.0,Wed,2023-01-04,20:00,Aston Villa,1.8,1–1,0.9,Wolves,39978.0,Villa Park,Jarred Gillett,Match Report,
191,191,19.0,Wed,2023-01-04,20:00,Crystal Palace,0.8,0–4,1.4,Tottenham,25132.0,Selhurst Park,Michael Oliver,Match Report,
192,192,19.0,Thu,2023-01-05,20:00,Chelsea,0.4,0–1,2.1,Manchester City,39998.0,Stamford Bridge,Paul Tierney,Match Report,
194,194,7.0,Thu,2023-01-12,20:00,Fulham,1.0,2–1,2.1,Chelsea,24460.0,Craven Cottage,David Coote,Match Report,
196,196,20.0,Fri,2023-01-13,20:00,Aston Villa,1.2,2–1,2.4,Leeds United,42008.0,Villa Park,Michael Oliver,Match Report,
197,197,20.0,Sat,2023-01-14,12:30,Manchester Utd,1.7,2–1,0.6,Manchester City,75546.0,Old Trafford,Stuart Attwell,Match Report,
198,198,20.0,Sat,2023-01-14,15:00,Everton,1.4,1–2,1.2,Southampton,39305.0,Goodison Park,John Brooks,Match Report,
199,199,20.0,Sat,2023-01-14,15:00,Wolves,0.9,1–0,1.1,West Ham,31511.0,Molineux Stadium,Simon Hooper,Match Report,
200,200,20.0,Sat,2023-01-14,15:00,Nott'ham Forest,2.4,2–0,1.0,Leicester City,29301.0,The City Ground,Paul Tierney,Match Report,
201,201,20.0,Sat,2023-01-14,15:00,Brighton,1.9,3–0,1.0,Liverpool,31645.0,The American Express Community Stadium,Darren England,Match Report,
202,202,20.0,Sat,2023-01-14,17:30,Brentford,1.4,2–0,0.6,Bournemouth,17031.0,Brentford Community Stadium,Jarred Gillett,Match Report,
203,203,20.0,Sun,2023-01-15,14:00,Chelsea,1.5,1–0,0.7,Crystal Palace,40075.0,Stamford Bridge,Peter Bankes,Match Report,
204,204,20.0,Sun,2023-01-15,14:00,Newcastle Utd,2.2,1–0,1.1,Fulham,52247.0,St James' Park,Robert Jones,Match Report,
205,205,20.0,Sun,2023-01-15,16:30,Tottenham,1.6,0–2,1.8,Arsenal,61870.0,Tottenham Hotspur Stadium,Craig Pawson,Match Report,
207,207,7.0,Wed,2023-01-18,20:00,Crystal Palace,0.5,1–1,2.1,Manchester Utd,23343.0,Selhurst Park,Robert Jones,Match Report,
208,208,7.0,Thu,2023-01-19,20:00,Manchester City,2.3,4–2,0.8,Tottenham,53088.0,Etihad Stadium,Simon Hooper,Match Report,
210,210,21.0,Sat,2023-01-21,12:30,Liverpool,1.4,0–0,1.6,Chelsea,53126.0,Anfield,Michael Oliver,Match Report,
211,211,21.0,Sat,2023-01-21,15:00,Bournemouth,1.4,1–1,1.9,Nott'ham Forest,10248.0,Vitality Stadium,Andy Madley,Match Report,
212,212,21.0,Sat,2023-01-21,15:00,Southampton,0.6,0–1,1.4,Aston Villa,30158.0,St. Mary's Stadium,Michael Salisbury,Match Report,
213,213,21.0,Sat,2023-01-21,15:00,Leicester City,0.9,2–2,1.7,Brighton,32056.0,King Power Stadium,Thomas Bramall,Match Report,
214,214,21.0,Sat,2023-01-21,15:00,West Ham,2.2,2–0,0.5,Everton,62470.0,London Stadium,Stuart Attwell,Match Report,
215,215,21.0,Sat,2023-01-21,17:30,Crystal Palace,0.3,0–0,1.2,Newcastle Utd,25350.0,Selhurst Park,Craig Pawson,Match Report,
216,216,21.0,Sun,2023-01-22,14:00,Manchester City,2.8,3–0,0.8,Wolves,53282.0,Etihad Stadium,David Coote,Match Report,
217,217,21.0,Sun,2023-01-22,14:00,Leeds United,0.5,0–0,0.4,Brentford,36260.0,Elland Road,Peter Bankes,Match Report,
218,218,21.0,Sun,2023-01-22,16:30,Arsenal,3.1,3–2,0.4,Manchester Utd,60325.0,Emirates Stadium,Anthony Taylor,Match Report,
219,219,21.0,Mon,2023-01-23,20:00,Fulham,1.0,0–1,0.9,Tottenham,24190.0,Craven Cottage,Paul Tierney,Match Report,
221,221,22.0,Fri,2023-02-03,20:00,Chelsea,1.3,0–0,0.6,Fulham,40041.0,Stamford Bridge,Stuart Attwell,Match Report,
222,222,22.0,Sat,2023-02-04,12:30,Everton,1.7,1–0,0.9,Arsenal,39314.0,Goodison Park,David Coote,Match Report,
223,223,22.0,Sat,2023-02-04,15:00,Aston Villa,1.7,2–4,2.6,Leicester City,42055.0,Villa Park,Darren England,Match Report,
224,224,22.0,Sat,2023-02-04,15:00,Wolves,2.0,3–0,1.8,Liverpool,31664.0,Molineux Stadium,Paul Tierney,Match Report,
225,225,22.0,Sat,2023-02-04,15:00,Manchester Utd,2.0,2–1,1.3,Crystal Palace,73420.0,Old Trafford,Andre Marriner,Match Report,
226,226,22.0,Sat,2023-02-04,15:00,Brighton,2.2,1–0,1.1,Bournemouth,31600.0,The American Express Community Stadium,Craig Pawson,Match Report,
227,227,22.0,Sat,2023-02-04,15:00,Brentford,2.2,3–0,0.7,Southampton,17051.0,Brentford Community Stadium,Darren Bond,Match Report,
228,228,22.0,Sat,2023-02-04,17:30,Newcastle Utd,1.0,1–1,1.0,West Ham,52256.0,St James' Park,Peter Bankes,Match Report,
229,229,22.0,Sun,2023-02-05,14:00,Nott'ham Forest,0.4,1–0,0.9,Leeds United,29363.0,The City Ground,Robert Jones,Match Report,
230,230,22.0,Sun,2023-02-05,16:30,Tottenham,1.4,1–0,1.3,Manchester City,61747.0,Tottenham Hotspur Stadium,Andy Madley,Match Report,
232,232,8.0,Wed,2023-02-08,20:00,Manchester Utd,2.0,2–2,0.6,Leeds United,73456.0,Old Trafford,Simon Hooper,Match Report,
234,234,23.0,Sat,2023-02-11,12:30,West Ham,1.3,1–1,1.1,Chelsea,62471.0,London Stadium,Craig Pawson,Match Report,
235,235,23.0,Sat,2023-02-11,15:00,Leicester City,1.7,4–1,1.3,Tottenham,32184.0,King Power Stadium,Michael Salisbury,Match Report,
236,236,23.0,Sat,2023-02-11,15:00,Crystal Palace,1.1,1–1,2.5,Brighton,24827.0,Selhurst Park,Michael Oliver,Match Report,
237,237,23.0,Sat,2023-02-11,15:00,Arsenal,1.6,1–1,2.0,Brentford,60254.0,Emirates Stadium,Peter Bankes,Match Report,
238,238,23.0,Sat,2023-02-11,15:00,Southampton,1.1,1–2,0.8,Wolves,29751.0,St. Mary's Stadium,Jarred Gillett,Match Report,
239,239,23.0,Sat,2023-02-11,15:00,Fulham,1.5,2–0,0.7,Nott'ham Forest,24244.0,Craven Cottage,Andy Madley,Match Report,
240,240,23.0,Sat,2023-02-11,17:30,Bournemouth,1.5,1–1,1.3,Newcastle Utd,10419.0,Vitality Stadium,Stuart Attwell,Match Report,
241,241,23.0,Sun,2023-02-12,14:00,Leeds United,1.8,0–2,1.1,Manchester Utd,36919.0,Elland Road,Paul Tierney,Match Report,
242,242,23.0,Sun,2023-02-12,16:30,Manchester City,3.3,3–1,0.3,Aston Villa,53392.0,Etihad Stadium,Robert Jones,Match Report,
243,243,23.0,Mon,2023-02-13,20:00,Liverpool,2.3,2–0,0.4,Everton,53027.0,Anfield,Simon Hooper,Match Report,
245,245,12.0,Wed,2023-02-15,19:30,Arsenal,1.6,1–3,1.8,Manchester City,60276.0,Emirates Stadium,Anthony Taylor,Match Report,
247,247,24.0,Sat,2023-02-18,12:30,Aston Villa,0.5,2–4,3.2,Arsenal,42066.0,Villa Park,Simon Hooper,Match Report,
248,248,24.0,Sat,2023-02-18,15:00,Brighton,2.2,0–1,0.3,Fulham,31619.0,The American Express Community Stadium,Darren England,Match Report,
249,249,24.0,Sat,2023-02-18,15:00,Nott'ham Forest,0.9,1–1,2.4,Manchester City,29365.0,The City Ground,Graham Scott,Match Report,
250,250,24.0,Sat,2023-02-18,15:00,Chelsea,1.6,0–1,0.6,Southampton,40152.0,Stamford Bridge,David Coote,Match Report,
251,251,24.0,Sat,2023-02-18,15:00,Everton,1.4,1–0,0.5,Leeds United,39232.0,Goodison Park,Andy Madley,Match Report,
252,252,24.0,Sat,2023-02-18,15:00,Wolves,1.3,0–1,1.1,Bournemouth,31222.0,Molineux Stadium,Michael Salisbury,Match Report,
253,253,24.0,Sat,2023-02-18,15:00,Brentford,0.9,1–1,1.1,Crystal Palace,17122.0,Brentford Community Stadium,Paul Tierney,Match Report,
254,254,24.0,Sat,2023-02-18,17:30,Newcastle Utd,2.0,0–2,1.9,Liverpool,52758.0,St James' Park,Anthony Taylor,Match Report,
255,255,24.0,Sun,2023-02-19,14:00,Manchester Utd,4.4,3–0,1.6,Leicester City,73578.0,Old Trafford,Stuart Attwell,Match Report,
256,256,24.0,Sun,2023-02-19,16:30,Tottenham,1.5,2–0,0.5,West Ham,61476.0,Tottenham Hotspur Stadium,Michael Oliver,Match Report,
258,258,25.0,Fri,2023-02-24,20:00,Fulham,0.5,1–1,0.8,Wolves,24399.0,Craven Cottage,Michael Oliver,Match Report,
259,259,25.0,Sat,2023-02-25,15:00,Leicester City,0.0,0–1,0.7,Arsenal,32227.0,King Power Stadium,Craig Pawson,Match Report,
260,260,25.0,Sat,2023-02-25,15:00,Everton,1.6,0–2,1.9,Aston Villa,39309.0,Goodison Park,Anthony Taylor,Match Report,
261,261,25.0,Sat,2023-02-25,15:00,West Ham,2.7,4–0,0.4,Nott'ham Forest,62469.0,London Stadium,Jarred Gillett,Match Report,
262,262,25.0,Sat,2023-02-25,15:00,Leeds United,0.9,1–0,0.4,Southampton,36641.0,Elland Road,Peter Bankes,Match Report,
263,263,25.0,Sat,2023-02-25,17:30,Bournemouth,1.0,1–4,2.4,Manchester City,10481.0,Vitality Stadium,Paul Tierney,Match Report,
264,264,25.0,Sat,2023-02-25,19:45,Crystal Palace,0.7,0–0,0.9,Liverpool,25842.0,Selhurst Park,Darren England,Match Report,
265,265,25.0,Sun,2023-02-26,13:30,Tottenham,0.8,2–0,0.4,Chelsea,61613.0,Tottenham Hotspur Stadium,Stuart Attwell,Match Report,
267,267,7.0,Wed,2023-03-01,19:45,Arsenal,2.6,4–0,1.2,Everton,60213.0,Emirates Stadium,Michael Oliver,Match Report,
268,268,7.0,Wed,2023-03-01,20:00,Liverpool,2.6,2–0,0.8,Wolves,53259.0,Anfield,Paul Tierney,Match Report,
270,270,26.0,Sat,2023-03-04,12:30,Manchester City,1.3,2–0,0.4,Newcastle Utd,53419.0,Etihad Stadium,Simon Hooper,Match Report,
271,271,26.0,Sat,2023-03-04,15:00,Arsenal,2.1,3–2,1.3,Bournemouth,60222.0,Emirates Stadium,Chris Kavanagh,Match Report,
272,272,26.0,Sat,2023-03-04,15:00,Aston Villa,1.2,1–0,0.2,Crystal Palace,41893.0,Villa Park,Craig Pawson,Match Report,
273,273,26.0,Sat,2023-03-04,15:00,Chelsea,1.5,1–0,1.0,Leeds United,39905.0,Stamford Bridge,Michael Oliver,Match Report,
274,274,26.0,Sat,2023-03-04,15:00,Brighton,3.5,4–0,0.3,West Ham,31523.0,The American Express Community Stadium,Stuart Attwell,Match Report,
275,275,26.0,Sat,2023-03-04,15:00,Wolves,0.5,1–0,1.2,Tottenham,31585.0,Molineux Stadium,Tim Robinson,Match Report,
276,276,26.0,Sat,2023-03-04,17:30,Southampton,1.4,1–0,1.9,Leicester City,30139.0,St. Mary's Stadium,Robert Jones,Match Report,
277,277,26.0,Sun,2023-03-05,14:00,Nott'ham Forest,0.8,2–2,1.7,Everton,29353.0,The City Ground,John Brooks,Match Report,
278,278,26.0,Sun,2023-03-05,16:30,Liverpool,2.8,7–0,0.8,Manchester Utd,53001.0,Anfield,Andy Madley,Match Report,
279,279,26.0,Mon,2023-03-06,20:00,Brentford,2.2,3–2,1.4,Fulham,17025.0,Brentford Community Stadium,Anthony Taylor,Match Report,
281,281,27.0,Sat,2023-03-11,12:30,Bournemouth,0.9,1–0,1.7,Liverpool,10536.0,Vitality Stadium,John Brooks,Match Report,
282,282,27.0,Sat,2023-03-11,15:00,Leeds United,0.9,2–2,2.7,Brighton,36471.0,Elland Road,Paul Tierney,Match Report,
283,283,27.0,Sat,2023-03-11,15:00,Everton,1.0,1–0,2.0,Brentford,39274.0,Goodison Park,Simon Hooper,Match Report,
284,284,27.0,Sat,2023-03-11,15:00,Leicester City,2.4,1–3,1.6,Chelsea,32170.0,King Power Stadium,Andre Marriner,Match Report,
285,285,27.0,Sat,2023-03-11,15:00,Tottenham,2.0,3–1,1.5,Nott'ham Forest,61460.0,Tottenham Hotspur Stadium,Craig Pawson,Match Report,
286,286,27.0,Sat,2023-03-11,17:30,Crystal Palace,0.2,0–1,2.1,Manchester City,25844.0,Selhurst Park,Robert Jones,Match Report,
287,287,27.0,Sun,2023-03-12,14:00,Manchester Utd,0.8,0–0,1.0,Southampton,73439.0,Old Trafford,Anthony Taylor,Match Report,
288,288,27.0,Sun,2023-03-12,14:00,Fulham,0.8,0–3,2.3,Arsenal,24426.0,Craven Cottage,David Coote,Match Report,
289,289,27.0,Sun,2023-03-12,14:00,West Ham,2.1,1–1,1.5,Aston Villa,62472.0,London Stadium,Chris Kavanagh,Match Report,
290,290,27.0,Sun,2023-03-12,16:30,Newcastle Utd,1.8,2–1,1.1,Wolves,52240.0,St James' Park,Andy Madley,Match Report,
292,292,7.0,Wed,2023-03-15,19:30,Southampton,0.5,0–2,1.9,Brentford,30438.0,St. Mary's Stadium,Michael Salisbury,Match Report,
294,294,8.0,Wed,2023-03-15,19:30,Brighton,0.6,1–0,1.1,Crystal Palace,30933.0,The American Express Community Stadium,Peter Bankes,Match Report,
296,296,28.0,Fri,2023-03-17,20:00,Nott'ham Forest,0.4,1–2,2.4,Newcastle Utd,29362.0,The City Ground,Paul Tierney,Match Report,
297,297,28.0,Sat,2023-03-18,15:00,Wolves,2.7,2–4,1.6,Leeds United,31570.0,Molineux Stadium,Michael Salisbury,Match Report,
298,298,28.0,Sat,2023-03-18,15:00,Brentford,0.6,1–1,1.3,Leicester City,17006.0,Brentford Community Stadium,Darren Bond,Match Report,
299,299,28.0,Sat,2023-03-18,15:00,Aston Villa,3.5,3–0,1.3,Bournemouth,41021.0,Villa Park,Robert Jones,Match Report,
300,300,28.0,Sat,2023-03-18,15:00,Southampton,2.4,3–3,2.3,Tottenham,30157.0,St. Mary's Stadium,Simon Hooper,Match Report,
301,301,28.0,Sat,2023-03-18,17:30,Chelsea,2.3,2–2,1.2,Everton,40025.0,Stamford Bridge,Darren England,Match Report,
302,302,28.0,Sun,2023-03-19,14:00,Arsenal,1.6,4–1,0.8,Crystal Palace,60247.0,Emirates Stadium,Stuart Attwell,Match Report,
304,304,29.0,Sat,2023-04-01,12:30,Manchester City,2.9,4–1,0.3,Liverpool,52877.0,Etihad Stadium,Simon Hooper,Match Report,
305,305,29.0,Sat,2023-04-01,15:00,Arsenal,3.8,4–1,0.7,Leeds United,60283.0,Emirates Stadium,Darren England,Match Report,
306,306,29.0,Sat,2023-04-01,15:00,Nott'ham Forest,1.3,1–1,0.5,Wolves,29368.0,The City Ground,Chris Kavanagh,Match Report,
307,307,29.0,Sat,2023-04-01,15:00,Brighton,4.2,3–3,1.6,Brentford,31493.0,The American Express Community Stadium,Michael Oliver,Match Report,
308,308,29.0,Sat,2023-04-01,15:00,Crystal Palace,2.3,2–1,0.2,Leicester City,25147.0,Selhurst Park,Tim Robinson,Match Report,
309,309,29.0,Sat,2023-04-01,15:00,Bournemouth,2.6,2–1,0.8,Fulham,10305.0,Vitality Stadium,Peter Bankes,Match Report,
310,310,29.0,Sat,2023-04-01,17:30,Chelsea,2.1,0–2,0.9,Aston Villa,40082.0,Stamford Bridge,Andy Madley,Match Report,
311,311,29.0,Sun,2023-04-02,14:00,West Ham,1.4,1–0,0.3,Southampton,62498.0,London Stadium,Paul Tierney,Match Report,
312,312,29.0,Sun,2023-04-02,16:30,Newcastle Utd,3.7,2–0,0.4,Manchester Utd,52268.0,St James' Park,Stuart Attwell,Match Report,
313,313,29.0,Mon,2023-04-03,20:00,Everton,0.9,1–1,1.4,Tottenham,39294.0,Goodison Park,David Coote,Match Report,
315,315,7.0,Tue,2023-04-04,19:45,Leeds United,1.8,2–1,0.8,Nott'ham Forest,36740.0,Elland Road,Robert Jones,Match Report,
316,316,7.0,Tue,2023-04-04,19:45,Bournemouth,1.7,0–2,2.7,Brighton,10266.0,Vitality Stadium,Darren Bond,Match Report,
317,317,7.0,Tue,2023-04-04,19:45,Leicester City,0.5,1–2,1.0,Aston Villa,32087.0,King Power Stadium,Graham Scott,Match Report,
319,319,8.0,Tue,2023-04-04,20:00,Chelsea,2.2,0–0,0.3,Liverpool,40093.0,Stamford Bridge,Anthony Taylor,Match Report,
321,321,7.0,Wed,2023-04-05,20:00,West Ham,1.0,1–5,3.3,Newcastle Utd,62481.0,London Stadium,Craig Pawson,Match Report,
323,323,25.0,Wed,2023-04-05,20:00,Manchester Utd,1.2,1–0,0.7,Brentford,73309.0,Old Trafford,John Brooks,Match Report,
325,325,30.0,Sat,2023-04-08,12:30,Manchester Utd,3.4,2–0,1.0,Everton,73509.0,Old Trafford,Michael Oliver,Match Report,
326,326,30.0,Sat,2023-04-08,15:00,Fulham,0.7,0–1,1.1,West Ham,24491.0,Craven Cottage,Jarred Gillett,Match Report,
327,327,30.0,Sat,2023-04-08,15:00,Aston Villa,1.3,2–0,0.2,Nott'ham Forest,42076.0,Villa Park,Anthony Taylor,Match Report,
328,328,30.0,Sat,2023-04-08,15:00,Leicester City,0.7,0–1,2.0,Bournemouth,32094.0,King Power Stadium,David Coote,Match Report,
329,329,30.0,Sat,2023-04-08,15:00,Brentford,2.6,1–2,1.3,Newcastle Utd,17107.0,Brentford Community Stadium,Chris Kavanagh,Match Report,
330,330,30.0,Sat,2023-04-08,15:00,Wolves,0.6,1–0,1.1,Chelsea,31614.0,Molineux Stadium,Peter Bankes,Match Report,
331,331,30.0,Sat,2023-04-08,15:00,Tottenham,0.8,2–1,1.4,Brighton,61405.0,Tottenham Hotspur Stadium,Stuart Attwell,Match Report,
332,332,30.0,Sat,2023-04-08,17:30,Southampton,0.4,1–4,2.9,Manchester City,30963.0,St. Mary's Stadium,Robert Jones,Match Report,
333,333,30.0,Sun,2023-04-09,14:00,Leeds United,0.9,1–5,3.0,Crystal Palace,36427.0,Elland Road,Simon Hooper,Match Report,
334,334,30.0,Sun,2023-04-09,16:30,Liverpool,3.9,2–2,1.4,Arsenal,53267.0,Anfield,Paul Tierney,Match Report,
336,336,31.0,Sat,2023-04-15,12:30,Aston Villa,1.9,3–0,0.5,Newcastle Utd,42055.0,Villa Park,John Brooks,Match Report,
337,337,31.0,Sat,2023-04-15,15:00,Chelsea,0.5,1–2,2.9,Brighton,40126.0,Stamford Bridge,Robert Jones,Match Report,
338,338,31.0,Sat,2023-04-15,15:00,Southampton,0.8,0–2,0.9,Crystal Palace,30309.0,St. Mary's Stadium,Michael Oliver,Match Report,
339,339,31.0,Sat,2023-04-15,15:00,Wolves,0.8,2–0,1.1,Brentford,30769.0,Molineux Stadium,Paul Tierney,Match Report,
340,340,31.0,Sat,2023-04-15,15:00,Tottenham,2.2,2–3,1.3,Bournemouth,61369.0,Tottenham Hotspur Stadium,Andy Madley,Match Report,
341,341,31.0,Sat,2023-04-15,15:00,Everton,1.4,1–3,1.8,Fulham,39241.0,Goodison Park,Anthony Taylor,Match Report,
342,342,31.0,Sat,2023-04-15,17:30,Manchester City,1.6,3–1,2.3,Leicester City,53329.0,Etihad Stadium,Darren England,Match Report,
343,343,31.0,Sun,2023-04-16,14:00,West Ham,1.8,2–2,2.7,Arsenal,62481.0,London Stadium,David Coote,Match Report,
344,344,31.0,Sun,2023-04-16,16:30,Nott'ham Forest,0.7,0–2,3.5,Manchester Utd,29435.0,The City Ground,Simon Hooper,Match Report,
345,345,31.0,Mon,2023-04-17,20:00,Leeds United,1.4,1–6,2.7,Liverpool,36657.0,Elland Road,Craig Pawson,Match Report,
347,347,32.0,Fri,2023-04-21,20:00,Arsenal,2.5,3–3,1.3,Southampton,60175.0,Emirates Stadium,Simon Hooper,Match Report,
348,348,32.0,Sat,2023-04-22,12:30,Fulham,1.7,2–1,0.8,Leeds United,24356.0,Craven Cottage,Peter Bankes,Match Report,
349,349,32.0,Sat,2023-04-22,15:00,Crystal Palace,0.5,0–0,0.4,Everton,25202.0,Selhurst Park,John Brooks,Match Report,
350,350,32.0,Sat,2023-04-22,15:00,Brentford,2.7,1–1,1.5,Aston Villa,17098.0,Brentford Community Stadium,Michael Salisbury,Match Report,
351,351,32.0,Sat,2023-04-22,15:00,Liverpool,2.8,3–2,0.9,Nott'ham Forest,53254.0,Anfield,Michael Oliver,Match Report,
352,352,32.0,Sat,2023-04-22,15:00,Leicester City,2.4,2–1,0.9,Wolves,32053.0,King Power Stadium,Andy Madley,Match Report,
353,353,32.0,Sun,2023-04-23,14:00,Bournemouth,1.5,0–4,2.4,West Ham,10465.0,Vitality Stadium,Anthony Taylor,Match Report,
354,354,32.0,Sun,2023-04-23,14:00,Newcastle Utd,3.7,6–1,1.0,Tottenham,52252.0,St James' Park,David Coote,Match Report,
356,356,33.0,Tue,2023-04-25,19:30,Wolves,1.4,2–0,0.8,Crystal Palace,30294.0,Molineux Stadium,Robert Jones,Match Report,
357,357,33.0,Tue,2023-04-25,19:45,Aston Villa,1.0,1–0,0.1,Fulham,41046.0,Villa Park,Thomas Bramall,Match Report,
358,358,33.0,Tue,2023-04-25,20:00,Leeds United,1.5,1–1,2.1,Leicester City,36666.0,Elland Road,Paul Tierney,Match Report,
359,359,33.0,Wed,2023-04-26,19:30,Nott'ham Forest,2.4,3–1,2.3,Brighton,28808.0,The City Ground,Jarred Gillett,Match Report,
360,360,33.0,Wed,2023-04-26,19:45,Chelsea,1.3,0–2,1.1,Brentford,39929.0,Stamford Bridge,Andy Madley,Match Report,
361,361,33.0,Wed,2023-04-26,19:45,West Ham,0.8,1–2,1.9,Liverpool,62473.0,London Stadium,Chris Kavanagh,Match Report,
362,362,33.0,Wed,2023-04-26,20:00,Manchester City,2.5,4–1,0.5,Arsenal,53482.0,Etihad Stadium,Michael Oliver,Match Report,
363,363,33.0,Thu,2023-04-27,19:45,Everton,0.9,1–4,2.4,Newcastle Utd,39248.0,Goodison Park,Andre Marriner,Match Report,
364,364,33.0,Thu,2023-04-27,19:45,Southampton,0.5,0–1,0.9,Bournemouth,30414.0,St. Mary's Stadium,Darren England,Match Report,
365,365,33.0,Thu,2023-04-27,20:15,Tottenham,2.5,2–2,2.0,Manchester Utd,61586.0,Tottenham Hotspur Stadium,Anthony Taylor,Match Report,
367,367,34.0,Sat,2023-04-29,12:30,Crystal Palace,2.1,4–3,1.7,West Ham,25148.0,Selhurst Park,Craig Pawson,Match Report,
368,368,34.0,Sat,2023-04-29,15:00,Brighton,3.3,6–0,0.8,Wolves,31584.0,The American Express Community Stadium,David Coote,Match Report,
369,369,34.0,Sat,2023-04-29,15:00,Brentford,1.6,2–1,0.7,Nott'ham Forest,17080.0,Brentford Community Stadium,Peter Bankes,Match Report,
370,370,34.0,Sun,2023-04-30,14:00,Manchester Utd,1.2,1–0,0.6,Aston Villa,73592.0,Old Trafford,Jarred Gillett,Match Report,
371,371,34.0,Sun,2023-04-30,14:00,Bournemouth,1.9,4–1,1.6,Leeds United,10434.0,Vitality Stadium,Chris Kavanagh,Match Report,
372,372,34.0,Sun,2023-04-30,14:00,Newcastle Utd,4.3,3–1,0.8,Southampton,52234.0,St James' Park,Anthony Taylor,Match Report,
373,373,34.0,Sun,2023-04-30,14:00,Fulham,0.2,1–2,2.5,Manchester City,24498.0,Craven Cottage,Simon Hooper,Match Report,
374,374,34.0,Sun,2023-04-30,16:30,Liverpool,2.2,4–3,2.0,Tottenham,53275.0,Anfield,Paul Tierney,Match Report,
375,375,34.0,Mon,2023-05-01,20:00,Leicester City,3.4,2–2,3.1,Everton,32173.0,King Power Stadium,Michael Oliver,Match Report,
376,376,34.0,Tue,2023-05-02,20:00,Arsenal,1.7,3–1,0.8,Chelsea,60144.0,Emirates Stadium,Robert Jones,Match Report,
378,378,28.0,Wed,2023-05-03,20:00,Liverpool,1.8,1–0,0.9,Fulham,,Anfield,Stuart Attwell,Match Report,
379,379,28.0,Wed,2023-05-03,20:00,Manchester City,2.3,3–0,0.4,West Ham,53305.0,Etihad Stadium,John Brooks,Match Report,
380,380,28.0,Thu,2023-05-04,20:00,Brighton,2.3,1–0,1.4,Manchester Utd,31577.0,The American Express Community Stadium,Andre Marriner,Match Report,
382,382,35.0,Sat,2023-05-06,15:00,Tottenham,,,,Crystal Palace,,Tottenham Hotspur Stadium,,Head-to-Head,
383,383,35.0,Sat,2023-05-06,15:00,Wolves,,,,Aston Villa,,Molineux Stadium,,Head-to-Head,
384,384,35.0,Sat,2023-05-06,15:00,Bournemouth,,,,Chelsea,,Vitality Stadium,,Head-to-Head,
385,385,35.0,Sat,2023-05-06,15:00,Manchester City,,,,Leeds United,,Etihad Stadium,,Head-to-Head,
386,386,35.0,Sat,2023-05-06,17:30,Liverpool,,,,Brentford,,Anfield,,Head-to-Head,
387,387,35.0,Sun,2023-05-07,16:30,Newcastle Utd,,,,Arsenal,,St James' Park,,Head-to-Head,
388,388,35.0,Sun,2023-05-07,19:00,West Ham,,,,Manchester Utd,,London Stadium,,Head-to-Head,
389,389,35.0,Mon,2023-05-08,15:00,Fulham,,,,Leicester City,,Craven Cottage,,Head-to-Head,
390,390,35.0,Mon,2023-05-08,17:30,Brighton,,,,Everton,,The American Express Community Stadium,,Head-to-Head,
391,391,35.0,Mon,2023-05-08,20:00,Nott'ham Forest,,,,Southampton,,The City Ground,,Head-to-Head,
393,393,36.0,Sat,2023-05-13,12:30,Leeds United,,,,Newcastle Utd,,Elland Road,,Head-to-Head,
394,394,36.0,Sat,2023-05-13,15:00,Aston Villa,,,,Tottenham,,Villa Park,,Head-to-Head,
395,395,36.0,Sat,2023-05-13,15:00,Chelsea,,,,Nott'ham Forest,,Stamford Bridge,,Head-to-Head,
396,396,36.0,Sat,2023-05-13,15:00,Crystal Palace,,,,Bournemouth,,Selhurst Park,,Head-to-Head,
397,397,36.0,Sat,2023-05-13,15:00,Southampton,,,,Fulham,,St. Mary's Stadium,,Head-to-Head,
398,398,36.0,Sat,2023-05-13,15:00,Manchester Utd,,,,Wolves,,Old Trafford,,Head-to-Head,
399,399,36.0,Sun,2023-05-14,14:00,Everton,,,,Manchester City,,Goodison Park,,Head-to-Head,
400,400,36.0,Sun,2023-05-14,14:00,Brentford,,,,West Ham,,Brentford Community Stadium,,Head-to-Head,
401,401,36.0,Sun,2023-05-14,16:30,Arsenal,,,,Brighton,,Emirates Stadium,,Head-to-Head,
402,402,36.0,Mon,2023-05-15,20:00,Leicester City,,,,Liverpool,,King Power Stadium,,Head-to-Head,
404,404,25.0,Thu,2023-05-18,19:30,Newcastle Utd,,,,Brighton,,St James' Park,,Head-to-Head,
406,406,37.0,Sat,2023-05-20,12:30,Tottenham,,,,Brentford,,Tottenham Hotspur Stadium,,Head-to-Head,
407,407,37.0,Sat,2023-05-20,15:00,Liverpool,,,,Aston Villa,,Anfield,,Head-to-Head,
408,408,37.0,Sat,2023-05-20,15:00,Fulham,,,,Crystal Palace,,Craven Cottage,,Head-to-Head,
409,409,37.0,Sat,2023-05-20,15:00,Bournemouth,,,,Manchester Utd,,Vitality Stadium,,Head-to-Head,
410,410,37.0,Sat,2023-05-20,15:00,Wolves,,,,Everton,,Molineux Stadium,,Head-to-Head,
411,411,37.0,Sat,2023-05-20,17:30,Nott'ham Forest,,,,Arsenal,,The City Ground,,Head-to-Head,
412,412,37.0,Sun,2023-05-21,13:30,West Ham,,,,Leeds United,,London Stadium,,Head-to-Head,
413,413,37.0,Sun,2023-05-21,14:00,Brighton,,,,Southampton,,The American Express Community Stadium,,Head-to-Head,
414,414,37.0,Sun,2023-05-21,16:00,Manchester City,,,,Chelsea,,Etihad Stadium,,Head-to-Head,
415,415,37.0,Mon,2023-05-22,20:00,Newcastle Utd,,,,Leicester City,,St James' Park,,Head-to-Head,
417,417,32.0,Wed,2023-05-24,20:00,Brighton,,,,Manchester City,,The American Express Community Stadium,,Head-to-Head,
418,418,32.0,Thu,2023-05-25,20:00,Manchester Utd,,,,Chelsea,,Old Trafford,,Head-to-Head,
420,420,38.0,Sun,2023-05-28,16:30,Crystal Palace,,,,Nott'ham Forest,,Selhurst Park,,Head-to-Head,
421,421,38.0,Sun,2023-05-28,16:30,Chelsea,,,,Newcastle Utd,,Stamford Bridge,,Head-to-Head,
422,422,38.0,Sun,2023-05-28,16:30,Manchester Utd,,,,Fulham,,Old Trafford,,Head-to-Head,
423,423,38.0,Sun,2023-05-28,16:30,Arsenal,,,,Wolves,,Emirates Stadium,,Head-to-Head,
424,424,38.0,Sun,2023-05-28,16:30,Southampton,,,,Liverpool,,St. Mary's Stadium,,Head-to-Head,
425,425,38.0,Sun,2023-05-28,16:30,Everton,,,,Bournemouth,,Goodison Park,,Head-to-Head,
426,426,38.0,Sun,2023-05-28,16:30,Leicester City,,,,West Ham,,King Power Stadium,,Head-to-Head,
427,427,38.0,Sun,2023-05-28,16:30,Aston Villa,,,,Brighton,,Villa Park,,Head-to-Head,
428,428,38.0,Sun,2023-05-28,16:30,Leeds United,,,,Tottenham,,Elland Road,,Head-to-Head,
429,429,38.0,Sun,2023-05-28,16:30,Brentford,,,,Manchester City,,Brentford Community Stadium,,Head-to-Head,
